customer_id,transaction_count,customer_segment,satisfaction_score
0,0.0,Inactive,8
1,2.0,Occasional Buyer,7
2,4.0,Occasional Buyer,8
3,1.0,One-Time Buyer,9
4,3.0,Occasional Buyer,7
5,2.0,Occasional Buyer,7
6,2.0,Occasional Buyer,9
7,3.0,Occasional Buyer,8
8,2.0,Occasional Buyer,6
9,6.0,Frequent Buyer,8
10,3.0,Occasional Buyer,6
11,0.0,Inactive,6
12,2.0,Occasional Buyer,7
13,1.0,One-Time Buyer,4
14,2.0,Occasional Buyer,4
15,3.0,Occasional Buyer,6
16,0.0,Inactive,5
17,1.0,One-Time Buyer,7
18,4.0,Occasional Buyer,6
19,6.0,Frequent Buyer,5
20,3.0,Occasional Buyer,9
21,2.0,Occasional Buyer,7
22,3.0,Occasional Buyer,7
23,5.0,Occasional Buyer,5
24,3.0,Occasional Buyer,6
25,2.0,Occasional Buyer,7
26,0.0,Inactive,5
27,2.0,Occasional Buyer,8
28,1.0,One-Time Buyer,6
29,3.0,Occasional Buyer,7
30,2.0,Occasional Buyer,6
31,1.0,One-Time Buyer,10
32,3.0,Occasional Buyer,7
33,5.0,Occasional Buyer,5
34,2.0,Occasional Buyer,8
35,3.0,Occasional Buyer,5
36,2.0,Occasional Buyer,7
37,2.0,Occasional Buyer,4
38,2.0,Occasional Buyer,5
39,4.0,Occasional Buyer,7
40,0.0,Inactive,8
41,1.0,One-Time Buyer,7
42,3.0,Occasional Buyer,7
43,3.0,Occasional Buyer,7
44,3.0,Occasional Buyer,5
45,2.0,Occasional Buyer,6
46,3.0,Occasional Buyer,6
47,0.0,Inactive,9
48,3.0,Occasional Buyer,8
49,1.0,One-Time Buyer,4
50,2.0,Occasional Buyer,7
51,1.0,One-Time Buyer,6
52,3.0,Occasional Buyer,6
53,0.0,Inactive,8
54,2.0,Occasional Buyer,9
55,3.0,Occasional Buyer,8
56,6.0,Frequent Buyer,6
57,1.0,One-Time Buyer,7
58,1.0,One-Time Buyer,7
59,2.0,Occasional Buyer,8
60,3.0,Occasional Buyer,6
61,2.0,Occasional Buyer,7
62,5.0,Occasional Buyer,5
63,1.0,One-Time Buyer,5
64,2.0,Occasional Buyer,8
65,4.0,Occasional Buyer,9
66,3.0,Occasional Buyer,7
67,1.0,One-Time Buyer,9
68,4.0,Occasional Buyer,8
69,1.0,One-Time Buyer,6
70,0.0,Inactive,8
71,1.0,One-Time Buyer,9
72,4.0,Occasional Buyer,7
73,3.0,Occasional Buyer,9
74,2.0,Occasional Buyer,3
75,4.0,Occasional Buyer,8
76,4.0,Occasional Buyer,7
77,2.0,Occasional Buyer,7
78,3.0,Occasional Buyer,7
79,2.0,Occasional Buyer,4
80,1.0,One-Time Buyer,7
81,3.0,Occasional Buyer,8
82,3.0,Occasional Buyer,9
83,1.0,One-Time Buyer,6
84,1.0,One-Time Buyer,6
85,2.0,Occasional Buyer,6
86,4.0,Occasional Buyer,8
87,4.0,Occasional Buyer,7
88,7.0,Frequent Buyer,6
89,3.0,Occasional Buyer,8
90,1.0,One-Time Buyer,7
91,2.0,Occasional Buyer,8
92,1.0,One-Time Buyer,6
93,1.0,One-Time Buyer,7
94,7.0,Frequent Buyer,6
95,2.0,Occasional Buyer,5
96,1.0,One-Time Buyer,7
97,4.0,Occasional Buyer,7
98,3.0,Occasional Buyer,7
99,4.0,Occasional Buyer,7
100,4.0,Occasional Buyer,5
101,2.0,Occasional Buyer,6
102,3.0,Occasional Buyer,6
103,6.0,Frequent Buyer,6
104,2.0,Occasional Buyer,7
105,2.0,Occasional Buyer,8
106,1.0,One-Time Buyer,10
107,3.0,Occasional Buyer,7
108,2.0,Occasional Buyer,7
109,2.0,Occasional Buyer,7
110,3.0,Occasional Buyer,4
111,3.0,Occasional Buyer,7
112,2.0,Occasional Buyer,7
113,2.0,Occasional Buyer,10
114,3.0,Occasional Buyer,7
115,1.0,One-Time Buyer,7
116,4.0,Occasional Buyer,7
117,2.0,Occasional Buyer,5
118,2.0,Occasional Buyer,9
119,4.0,Occasional Buyer,8
120,2.0,Occasional Buyer,8
121,5.0,Occasional Buyer,6
122,0.0,Inactive,9
123,4.0,Occasional Buyer,5
124,1.0,One-Time Buyer,8
125,4.0,Occasional Buyer,10
126,4.0,Occasional Buyer,6
127,2.0,Occasional Buyer,6
128,1.0,One-Time Buyer,7
129,1.0,One-Time Buyer,6
130,3.0,Occasional Buyer,5
131,5.0,Occasional Buyer,7
132,3.0,Occasional Buyer,5
133,1.0,One-Time Buyer,8
134,3.0,Occasional Buyer,6
135,2.0,Occasional Buyer,9
136,2.0,Occasional Buyer,6
137,3.0,Occasional Buyer,7
138,1.0,One-Time Buyer,8
139,4.0,Occasional Buyer,5
140,2.0,Occasional Buyer,7
141,2.0,Occasional Buyer,9
142,2.0,Occasional Buyer,5
143,2.0,Occasional Buyer,7
144,3.0,Occasional Buyer,7
145,2.0,Occasional Buyer,8
146,0.0,Inactive,5
147,4.0,Occasional Buyer,5
148,1.0,One-Time Buyer,8
149,3.0,Occasional Buyer,7
150,2.0,Occasional Buyer,7
151,1.0,One-Time Buyer,8
152,3.0,Occasional Buyer,6
153,3.0,Occasional Buyer,7
154,1.0,One-Time Buyer,7
155,2.0,Occasional Buyer,6
156,0.0,Inactive,10
157,4.0,Occasional Buyer,8
158,1.0,One-Time Buyer,5
159,2.0,Occasional Buyer,8
160,0.0,Inactive,6
161,4.0,Occasional Buyer,8
162,2.0,Occasional Buyer,9
163,5.0,Occasional Buyer,6
164,1.0,One-Time Buyer,8
165,1.0,One-Time Buyer,8
166,3.0,Occasional Buyer,8
167,3.0,Occasional Buyer,10
168,5.0,Occasional Buyer,7
169,3.0,Occasional Buyer,6
170,3.0,Occasional Buyer,6
171,2.0,Occasional Buyer,6
172,1.0,One-Time Buyer,7
173,2.0,Occasional Buyer,8
174,1.0,One-Time Buyer,7
175,3.0,Occasional Buyer,8
176,4.0,Occasional Buyer,7
177,2.0,Occasional Buyer,9
178,2.0,Occasional Buyer,7
179,0.0,Inactive,10
180,2.0,Occasional Buyer,8
181,5.0,Occasional Buyer,6
182,1.0,One-Time Buyer,5
183,3.0,Occasional Buyer,8
184,3.0,Occasional Buyer,7
185,5.0,Occasional Buyer,8
186,1.0,One-Time Buyer,8
187,1.0,One-Time Buyer,7
188,0.0,Inactive,6
189,5.0,Occasional Buyer,5
190,3.0,Occasional Buyer,6
191,2.0,Occasional Buyer,8
192,0.0,Inactive,7
193,3.0,Occasional Buyer,5
194,1.0,One-Time Buyer,7
195,3.0,Occasional Buyer,8
196,3.0,Occasional Buyer,6
197,4.0,Occasional Buyer,7
198,0.0,Inactive,7
199,3.0,Occasional Buyer,5
200,0.0,Inactive,8
201,3.0,Occasional Buyer,8
202,1.0,One-Time Buyer,9
203,3.0,Occasional Buyer,9
204,5.0,Occasional Buyer,5
205,3.0,Occasional Buyer,6
206,1.0,One-Time Buyer,8
207,3.0,Occasional Buyer,8
208,2.0,Occasional Buyer,8
209,3.0,Occasional Buyer,10
210,3.0,Occasional Buyer,8
211,3.0,Occasional Buyer,9
212,4.0,Occasional Buyer,8
213,4.0,Occasional Buyer,8
214,4.0,Occasional Buyer,7
215,5.0,Occasional Buyer,8
216,0.0,Inactive,6
217,3.0,Occasional Buyer,7
218,0.0,Inactive,6
219,5.0,Occasional Buyer,7
220,6.0,Frequent Buyer,10
221,4.0,Occasional Buyer,4
222,3.0,Occasional Buyer,8
223,2.0,Occasional Buyer,5
224,1.0,One-Time Buyer,6
225,2.0,Occasional Buyer,9
226,1.0,One-Time Buyer,7
227,2.0,Occasional Buyer,5
228,2.0,Occasional Buyer,6
229,1.0,One-Time Buyer,8
230,6.0,Frequent Buyer,6
231,2.0,Occasional Buyer,7
232,4.0,Occasional Buyer,7
233,1.0,One-Time Buyer,6
234,4.0,Occasional Buyer,10
235,4.0,Occasional Buyer,8
236,2.0,Occasional Buyer,4
237,3.0,Occasional Buyer,7
238,1.0,One-Time Buyer,6
239,2.0,Occasional Buyer,8
240,4.0,Occasional Buyer,6
241,4.0,Occasional Buyer,7
242,3.0,Occasional Buyer,8
243,3.0,Occasional Buyer,8
244,3.0,Occasional Buyer,5
245,1.0,One-Time Buyer,6
246,6.0,Frequent Buyer,6
247,4.0,Occasional Buyer,6
248,1.0,One-Time Buyer,10
249,4.0,Occasional Buyer,8
250,0.0,Inactive,5
251,4.0,Occasional Buyer,8
252,3.0,Occasional Buyer,10
253,2.0,Occasional Buyer,9
254,1.0,One-Time Buyer,5
255,4.0,Occasional Buyer,6
256,1.0,One-Time Buyer,9
257,3.0,Occasional Buyer,6
258,1.0,One-Time Buyer,8
259,2.0,Occasional Buyer,8
260,4.0,Occasional Buyer,6
261,4.0,Occasional Buyer,7
262,1.0,One-Time Buyer,2
263,2.0,Occasional Buyer,5
264,2.0,Occasional Buyer,7
265,7.0,Frequent Buyer,5
266,0.0,Inactive,9
267,1.0,One-Time Buyer,5
268,5.0,Occasional Buyer,6
269,2.0,Occasional Buyer,7
270,5.0,Occasional Buyer,9
271,3.0,Occasional Buyer,5
272,1.0,One-Time Buyer,9
273,5.0,Occasional Buyer,7
274,4.0,Occasional Buyer,6
275,2.0,Occasional Buyer,8
276,0.0,Inactive,7
277,2.0,Occasional Buyer,6
278,2.0,Occasional Buyer,7
279,2.0,Occasional Buyer,6
280,3.0,Occasional Buyer,7
281,1.0,One-Time Buyer,8
282,3.0,Occasional Buyer,9
283,2.0,Occasional Buyer,5
284,2.0,Occasional Buyer,10
285,3.0,Occasional Buyer,4
286,2.0,Occasional Buyer,7
287,1.0,One-Time Buyer,8
288,2.0,Occasional Buyer,7
289,2.0,Occasional Buyer,6
290,2.0,Occasional Buyer,7
291,2.0,Occasional Buyer,6
292,5.0,Occasional Buyer,6
293,0.0,Inactive,8
294,1.0,One-Time Buyer,8
295,2.0,Occasional Buyer,6
296,2.0,Occasional Buyer,8
297,3.0,Occasional Buyer,7
298,1.0,One-Time Buyer,8
299,1.0,One-Time Buyer,8
300,4.0,Occasional Buyer,6
301,5.0,Occasional Buyer,6
302,1.0,One-Time Buyer,8
303,7.0,Frequent Buyer,8
304,3.0,Occasional Buyer,7
305,1.0,One-Time Buyer,7
306,0.0,Inactive,9
307,0.0,Inactive,6
308,3.0,Occasional Buyer,8
309,3.0,Occasional Buyer,7
310,2.0,Occasional Buyer,7
311,4.0,Occasional Buyer,9
312,2.0,Occasional Buyer,8
313,2.0,Occasional Buyer,8
314,2.0,Occasional Buyer,9
315,4.0,Occasional Buyer,7
316,6.0,Frequent Buyer,8
317,3.0,Occasional Buyer,7
318,5.0,Occasional Buyer,7
319,2.0,Occasional Buyer,7
320,3.0,Occasional Buyer,7
321,1.0,One-Time Buyer,8
322,2.0,Occasional Buyer,6
323,2.0,Occasional Buyer,10
324,5.0,Occasional Buyer,5
325,3.0,Occasional Buyer,5
326,1.0,One-Time Buyer,9
327,6.0,Frequent Buyer,8
328,6.0,Frequent Buyer,8
329,1.0,One-Time Buyer,8
330,2.0,Occasional Buyer,7
331,2.0,Occasional Buyer,6
332,2.0,Occasional Buyer,7
333,4.0,Occasional Buyer,6
334,3.0,Occasional Buyer,8
335,2.0,Occasional Buyer,7
336,4.0,Occasional Buyer,6
337,2.0,Occasional Buyer,7
338,3.0,Occasional Buyer,8
339,0.0,Inactive,6
340,0.0,Inactive,6
341,3.0,Occasional Buyer,7
342,1.0,One-Time Buyer,7
343,4.0,Occasional Buyer,6
344,2.0,Occasional Buyer,6
345,3.0,Occasional Buyer,7
346,1.0,One-Time Buyer,5
347,4.0,Occasional Buyer,5
348,2.0,Occasional Buyer,6
349,1.0,One-Time Buyer,7
350,4.0,Occasional Buyer,7
351,2.0,Occasional Buyer,9
352,1.0,One-Time Buyer,8
353,3.0,Occasional Buyer,7
354,6.0,Frequent Buyer,7
355,4.0,Occasional Buyer,5
356,2.0,Occasional Buyer,7
357,1.0,One-Time Buyer,7
358,0.0,Inactive,7
359,3.0,Occasional Buyer,6
360,1.0,One-Time Buyer,8
361,3.0,Occasional Buyer,9
362,4.0,Occasional Buyer,7
363,3.0,Occasional Buyer,8
364,3.0,Occasional Buyer,8
365,4.0,Occasional Buyer,6
366,0.0,Inactive,7
367,4.0,Occasional Buyer,7
368,0.0,Inactive,7
369,4.0,Occasional Buyer,6
370,4.0,Occasional Buyer,7
371,3.0,Occasional Buyer,8
372,6.0,Frequent Buyer,9
373,0.0,Inactive,8
374,4.0,Occasional Buyer,10
375,4.0,Occasional Buyer,6
376,6.0,Frequent Buyer,8
377,4.0,Occasional Buyer,7
378,3.0,Occasional Buyer,10
379,1.0,One-Time Buyer,6
380,3.0,Occasional Buyer,6
381,2.0,Occasional Buyer,6
382,1.0,One-Time Buyer,4
383,5.0,Occasional Buyer,6
384,2.0,Occasional Buyer,6
385,1.0,One-Time Buyer,7
386,2.0,Occasional Buyer,8
387,3.0,Occasional Buyer,10
388,5.0,Occasional Buyer,8
389,3.0,Occasional Buyer,6
390,3.0,Occasional Buyer,6
391,3.0,Occasional Buyer,8
392,6.0,Frequent Buyer,5
393,2.0,Occasional Buyer,10
394,0.0,Inactive,9
395,2.0,Occasional Buyer,6
396,6.0,Frequent Buyer,4
397,1.0,One-Time Buyer,9
398,2.0,Occasional Buyer,7
399,1.0,One-Time Buyer,9
400,2.0,Occasional Buyer,5
401,3.0,Occasional Buyer,6
402,2.0,Occasional Buyer,7
403,3.0,Occasional Buyer,7
404,3.0,Occasional Buyer,6
405,1.0,One-Time Buyer,8
406,5.0,Occasional Buyer,5
407,4.0,Occasional Buyer,7
408,4.0,Occasional Buyer,7
409,2.0,Occasional Buyer,8
410,3.0,Occasional Buyer,8
411,3.0,Occasional Buyer,5
412,2.0,Occasional Buyer,5
413,1.0,One-Time Buyer,9
414,3.0,Occasional Buyer,7
415,4.0,Occasional Buyer,6
416,4.0,Occasional Buyer,9
417,4.0,Occasional Buyer,7
418,5.0,Occasional Buyer,9
419,3.0,Occasional Buyer,7
420,1.0,One-Time Buyer,10
421,3.0,Occasional Buyer,10
422,0.0,Inactive,7
423,3.0,Occasional Buyer,8
424,2.0,Occasional Buyer,8
425,3.0,Occasional Buyer,9
426,2.0,Occasional Buyer,6
427,4.0,Occasional Buyer,8
428,2.0,Occasional Buyer,9
429,4.0,Occasional Buyer,4
430,0.0,Inactive,5
431,4.0,Occasional Buyer,4
432,1.0,One-Time Buyer,7
433,3.0,Occasional Buyer,8
434,6.0,Frequent Buyer,9
435,2.0,Occasional Buyer,7
436,2.0,Occasional Buyer,9
437,3.0,Occasional Buyer,5
438,3.0,Occasional Buyer,4
439,5.0,Occasional Buyer,7
440,1.0,One-Time Buyer,8
441,6.0,Frequent Buyer,7
442,3.0,Occasional Buyer,4
443,0.0,Inactive,7
444,1.0,One-Time Buyer,5
445,7.0,Frequent Buyer,8
446,2.0,Occasional Buyer,8
447,1.0,One-Time Buyer,6
448,0.0,Inactive,6
449,1.0,One-Time Buyer,5
450,1.0,One-Time Buyer,7
451,0.0,Inactive,8
452,5.0,Occasional Buyer,6
453,4.0,Occasional Buyer,8
454,2.0,Occasional Buyer,6
455,0.0,Inactive,6
456,4.0,Occasional Buyer,7
457,3.0,Occasional Buyer,5
458,2.0,Occasional Buyer,6
459,5.0,Occasional Buyer,5
460,3.0,Occasional Buyer,10
461,2.0,Occasional Buyer,7
462,1.0,One-Time Buyer,6
463,0.0,Inactive,7
464,0.0,Inactive,7
465,3.0,Occasional Buyer,7
466,2.0,Occasional Buyer,8
467,1.0,One-Time Buyer,8
468,6.0,Frequent Buyer,6
469,2.0,Occasional Buyer,6
470,3.0,Occasional Buyer,7
471,1.0,One-Time Buyer,4
472,0.0,Inactive,5
473,4.0,Occasional Buyer,9
474,2.0,Occasional Buyer,9
475,3.0,Occasional Buyer,7
476,2.0,Occasional Buyer,8
477,6.0,Frequent Buyer,7
478,4.0,Occasional Buyer,10
479,6.0,Frequent Buyer,9
480,3.0,Occasional Buyer,7
481,1.0,One-Time Buyer,6
482,6.0,Frequent Buyer,5
483,1.0,One-Time Buyer,7
484,2.0,Occasional Buyer,6
485,1.0,One-Time Buyer,5
486,2.0,Occasional Buyer,6
487,1.0,One-Time Buyer,5
488,7.0,Frequent Buyer,10
489,3.0,Occasional Buyer,8
490,1.0,One-Time Buyer,7
491,3.0,Occasional Buyer,9
492,2.0,Occasional Buyer,7
493,3.0,Occasional Buyer,6
494,3.0,Occasional Buyer,9
495,4.0,Occasional Buyer,8
496,3.0,Occasional Buyer,5
497,2.0,Occasional Buyer,7
498,2.0,Occasional Buyer,6
499,3.0,Occasional Buyer,5
500,2.0,Occasional Buyer,8
501,4.0,Occasional Buyer,10
502,1.0,One-Time Buyer,5
503,0.0,Inactive,8
504,4.0,Occasional Buyer,6
505,1.0,One-Time Buyer,6
506,5.0,Occasional Buyer,6
507,1.0,One-Time Buyer,6
508,3.0,Occasional Buyer,7
509,3.0,Occasional Buyer,6
510,4.0,Occasional Buyer,7
511,4.0,Occasional Buyer,7
512,2.0,Occasional Buyer,7
513,4.0,Occasional Buyer,6
514,1.0,One-Time Buyer,6
515,2.0,Occasional Buyer,8
516,2.0,Occasional Buyer,8
517,2.0,Occasional Buyer,6
518,3.0,Occasional Buyer,7
519,0.0,Inactive,8
520,2.0,Occasional Buyer,4
521,3.0,Occasional Buyer,8
522,1.0,One-Time Buyer,6
523,1.0,One-Time Buyer,8
524,1.0,One-Time Buyer,6
525,3.0,Occasional Buyer,4
526,2.0,Occasional Buyer,5
527,2.0,Occasional Buyer,7
528,1.0,One-Time Buyer,7
529,6.0,Frequent Buyer,6
530,2.0,Occasional Buyer,8
531,1.0,One-Time Buyer,5
532,4.0,Occasional Buyer,7
533,3.0,Occasional Buyer,5
534,3.0,Occasional Buyer,6
535,5.0,Occasional Buyer,7
536,1.0,One-Time Buyer,6
537,2.0,Occasional Buyer,6
538,5.0,Occasional Buyer,9
539,2.0,Occasional Buyer,6
540,1.0,One-Time Buyer,8
541,2.0,Occasional Buyer,5
542,2.0,Occasional Buyer,8
543,0.0,Inactive,9
544,2.0,Occasional Buyer,3
545,4.0,Occasional Buyer,6
546,2.0,Occasional Buyer,8
547,3.0,Occasional Buyer,7
548,3.0,Occasional Buyer,8
549,3.0,Occasional Buyer,6
550,5.0,Occasional Buyer,7
551,3.0,Occasional Buyer,7
552,1.0,One-Time Buyer,9
553,3.0,Occasional Buyer,7
554,4.0,Occasional Buyer,8
555,6.0,Frequent Buyer,6
556,1.0,One-Time Buyer,6
557,7.0,Frequent Buyer,6
558,4.0,Occasional Buyer,8
559,3.0,Occasional Buyer,6
560,4.0,Occasional Buyer,7
561,2.0,Occasional Buyer,10
562,2.0,Occasional Buyer,8
563,4.0,Occasional Buyer,7
564,1.0,One-Time Buyer,9
565,1.0,One-Time Buyer,6
566,3.0,Occasional Buyer,4
567,1.0,One-Time Buyer,5
568,1.0,One-Time Buyer,4
569,3.0,Occasional Buyer,6
570,5.0,Occasional Buyer,7
571,1.0,One-Time Buyer,10
572,0.0,Inactive,7
573,1.0,One-Time Buyer,7
574,2.0,Occasional Buyer,8
575,1.0,One-Time Buyer,4
576,3.0,Occasional Buyer,7
577,1.0,One-Time Buyer,8
578,2.0,Occasional Buyer,5
579,2.0,Occasional Buyer,9
580,3.0,Occasional Buyer,8
581,1.0,One-Time Buyer,6
582,2.0,Occasional Buyer,8
583,1.0,One-Time Buyer,10
584,2.0,Occasional Buyer,7
585,2.0,Occasional Buyer,7
586,1.0,One-Time Buyer,6
587,2.0,Occasional Buyer,6
588,3.0,Occasional Buyer,8
589,3.0,Occasional Buyer,6
590,1.0,One-Time Buyer,7
591,0.0,Inactive,6
592,2.0,Occasional Buyer,8
593,1.0,One-Time Buyer,8
594,1.0,One-Time Buyer,9
595,4.0,Occasional Buyer,6
596,3.0,Occasional Buyer,7
597,1.0,One-Time Buyer,6
598,1.0,One-Time Buyer,6
599,3.0,Occasional Buyer,8
600,3.0,Occasional Buyer,8
601,2.0,Occasional Buyer,6
602,1.0,One-Time Buyer,8
603,3.0,Occasional Buyer,9
604,1.0,One-Time Buyer,8
605,2.0,Occasional Buyer,10
606,1.0,One-Time Buyer,6
607,3.0,Occasional Buyer,5
608,3.0,Occasional Buyer,4
609,2.0,Occasional Buyer,9
610,2.0,Occasional Buyer,8
611,1.0,One-Time Buyer,7
612,3.0,Occasional Buyer,7
613,0.0,Inactive,5
614,3.0,Occasional Buyer,10
615,2.0,Occasional Buyer,7
616,1.0,One-Time Buyer,7
617,1.0,One-Time Buyer,8
618,0.0,Inactive,8
619,3.0,Occasional Buyer,7
620,1.0,One-Time Buyer,6
621,2.0,Occasional Buyer,8
622,3.0,Occasional Buyer,10
623,5.0,Occasional Buyer,9
624,5.0,Occasional Buyer,9
625,3.0,Occasional Buyer,6
626,4.0,Occasional Buyer,6
627,3.0,Occasional Buyer,7
628,2.0,Occasional Buyer,7
629,1.0,One-Time Buyer,9
630,3.0,Occasional Buyer,4
631,4.0,Occasional Buyer,9
632,0.0,Inactive,7
633,5.0,Occasional Buyer,6
634,1.0,One-Time Buyer,5
635,2.0,Occasional Buyer,5
636,4.0,Occasional Buyer,8
637,3.0,Occasional Buyer,7
638,3.0,Occasional Buyer,5
639,2.0,Occasional Buyer,5
640,0.0,Inactive,6
641,2.0,Occasional Buyer,10
642,3.0,Occasional Buyer,7
643,1.0,One-Time Buyer,5
644,4.0,Occasional Buyer,7
645,4.0,Occasional Buyer,7
646,2.0,Occasional Buyer,3
647,0.0,Inactive,7
648,4.0,Occasional Buyer,7
649,2.0,Occasional Buyer,8
650,4.0,Occasional Buyer,10
651,4.0,Occasional Buyer,9
652,5.0,Occasional Buyer,7
653,0.0,Inactive,5
654,6.0,Frequent Buyer,10
655,2.0,Occasional Buyer,7
656,4.0,Occasional Buyer,7
657,3.0,Occasional Buyer,7
658,4.0,Occasional Buyer,7
659,0.0,Inactive,7
660,1.0,One-Time Buyer,6
661,2.0,Occasional Buyer,6
662,4.0,Occasional Buyer,7
663,2.0,Occasional Buyer,6
664,3.0,Occasional Buyer,6
665,2.0,Occasional Buyer,7
666,2.0,Occasional Buyer,7
667,0.0,Inactive,9
668,2.0,Occasional Buyer,3
669,2.0,Occasional Buyer,9
670,3.0,Occasional Buyer,9
671,3.0,Occasional Buyer,4
672,4.0,Occasional Buyer,6
673,2.0,Occasional Buyer,6
674,2.0,Occasional Buyer,5
675,4.0,Occasional Buyer,6
676,1.0,One-Time Buyer,5
677,2.0,Occasional Buyer,10
678,1.0,One-Time Buyer,8
679,0.0,Inactive,9
680,5.0,Occasional Buyer,8
681,2.0,Occasional Buyer,5
682,2.0,Occasional Buyer,6
683,4.0,Occasional Buyer,8
684,3.0,Occasional Buyer,5
685,3.0,Occasional Buyer,8
686,1.0,One-Time Buyer,7
687,5.0,Occasional Buyer,6
688,2.0,Occasional Buyer,8
689,0.0,Inactive,8
690,2.0,Occasional Buyer,6
691,6.0,Frequent Buyer,9
692,1.0,One-Time Buyer,5
693,3.0,Occasional Buyer,8
694,1.0,One-Time Buyer,8
695,2.0,Occasional Buyer,7
696,1.0,One-Time Buyer,7
697,2.0,Occasional Buyer,5
698,3.0,Occasional Buyer,8
699,2.0,Occasional Buyer,7
700,5.0,Occasional Buyer,6
701,3.0,Occasional Buyer,9
702,2.0,Occasional Buyer,6
703,1.0,One-Time Buyer,5
704,2.0,Occasional Buyer,5
705,4.0,Occasional Buyer,8
706,2.0,Occasional Buyer,5
707,1.0,One-Time Buyer,10
708,3.0,Occasional Buyer,4
709,0.0,Inactive,10
710,1.0,One-Time Buyer,7
711,2.0,Occasional Buyer,7
712,1.0,One-Time Buyer,6
713,6.0,Frequent Buyer,8
714,3.0,Occasional Buyer,7
715,4.0,Occasional Buyer,9
716,5.0,Occasional Buyer,7
717,0.0,Inactive,7
718,4.0,Occasional Buyer,6
719,0.0,Inactive,7
720,2.0,Occasional Buyer,7
721,1.0,One-Time Buyer,4
722,4.0,Occasional Buyer,5
723,1.0,One-Time Buyer,8
724,3.0,Occasional Buyer,7
725,1.0,One-Time Buyer,7
726,1.0,One-Time Buyer,7
727,3.0,Occasional Buyer,8
728,1.0,One-Time Buyer,6
729,6.0,Frequent Buyer,6
730,3.0,Occasional Buyer,7
731,2.0,Occasional Buyer,6
732,4.0,Occasional Buyer,8
733,1.0,One-Time Buyer,4
734,3.0,Occasional Buyer,9
735,2.0,Occasional Buyer,8
736,2.0,Occasional Buyer,7
737,1.0,One-Time Buyer,8
738,2.0,Occasional Buyer,9
739,3.0,Occasional Buyer,9
740,0.0,Inactive,4
741,5.0,Occasional Buyer,5
742,2.0,Occasional Buyer,6
743,2.0,Occasional Buyer,7
744,1.0,One-Time Buyer,8
745,2.0,Occasional Buyer,6
746,4.0,Occasional Buyer,7
747,5.0,Occasional Buyer,6
748,2.0,Occasional Buyer,6
749,2.0,Occasional Buyer,5
750,2.0,Occasional Buyer,6
751,2.0,Occasional Buyer,5
752,4.0,Occasional Buyer,6
753,4.0,Occasional Buyer,9
754,3.0,Occasional Buyer,6
755,2.0,Occasional Buyer,10
756,2.0,Occasional Buyer,8
757,3.0,Occasional Buyer,7
758,4.0,Occasional Buyer,6
759,1.0,One-Time Buyer,8
760,3.0,Occasional Buyer,6
761,6.0,Frequent Buyer,7
762,4.0,Occasional Buyer,10
763,2.0,Occasional Buyer,7
764,2.0,Occasional Buyer,9
765,1.0,One-Time Buyer,6
766,3.0,Occasional Buyer,7
767,2.0,Occasional Buyer,10
768,0.0,Inactive,6
769,3.0,Occasional Buyer,10
770,2.0,Occasional Buyer,8
771,6.0,Frequent Buyer,6
772,1.0,One-Time Buyer,8
773,3.0,Occasional Buyer,8
774,1.0,One-Time Buyer,8
775,0.0,Inactive,5
776,1.0,One-Time Buyer,6
777,3.0,Occasional Buyer,7
778,1.0,One-Time Buyer,7
779,6.0,Frequent Buyer,8
780,2.0,Occasional Buyer,7
781,3.0,Occasional Buyer,5
782,7.0,Frequent Buyer,8
783,1.0,One-Time Buyer,8
784,3.0,Occasional Buyer,8
785,3.0,Occasional Buyer,9
786,5.0,Occasional Buyer,8
787,7.0,Frequent Buyer,8
788,1.0,One-Time Buyer,7
789,2.0,Occasional Buyer,5
790,2.0,Occasional Buyer,8
791,5.0,Occasional Buyer,7
792,2.0,Occasional Buyer,7
793,2.0,Occasional Buyer,5
794,1.0,One-Time Buyer,5
795,2.0,Occasional Buyer,9
796,3.0,Occasional Buyer,7
797,1.0,One-Time Buyer,8
798,4.0,Occasional Buyer,7
799,3.0,Occasional Buyer,7
800,3.0,Occasional Buyer,8
801,2.0,Occasional Buyer,6
802,1.0,One-Time Buyer,7
803,4.0,Occasional Buyer,6
804,4.0,Occasional Buyer,6
805,2.0,Occasional Buyer,7
806,4.0,Occasional Buyer,7
807,2.0,Occasional Buyer,6
808,3.0,Occasional Buyer,9
809,2.0,Occasional Buyer,6
810,4.0,Occasional Buyer,7
811,3.0,Occasional Buyer,6
812,4.0,Occasional Buyer,9
813,5.0,Occasional Buyer,7
814,2.0,Occasional Buyer,9
815,2.0,Occasional Buyer,5
816,6.0,Frequent Buyer,7
817,4.0,Occasional Buyer,8
818,4.0,Occasional Buyer,7
819,2.0,Occasional Buyer,9
820,3.0,Occasional Buyer,6
821,1.0,One-Time Buyer,9
822,2.0,Occasional Buyer,10
823,2.0,Occasional Buyer,6
824,2.0,Occasional Buyer,6
825,2.0,Occasional Buyer,9
826,2.0,Occasional Buyer,9
827,2.0,Occasional Buyer,6
828,4.0,Occasional Buyer,6
829,2.0,Occasional Buyer,7
830,2.0,Occasional Buyer,5
831,7.0,Frequent Buyer,6
832,1.0,One-Time Buyer,5
833,4.0,Occasional Buyer,6
834,4.0,Occasional Buyer,7
835,3.0,Occasional Buyer,7
836,5.0,Occasional Buyer,9
837,5.0,Occasional Buyer,6
838,2.0,Occasional Buyer,8
839,5.0,Occasional Buyer,7
840,0.0,Inactive,7
841,1.0,One-Time Buyer,8
842,4.0,Occasional Buyer,5
843,1.0,One-Time Buyer,8
844,3.0,Occasional Buyer,7
845,2.0,Occasional Buyer,8
846,6.0,Frequent Buyer,7
847,3.0,Occasional Buyer,10
848,3.0,Occasional Buyer,6
849,1.0,One-Time Buyer,6
850,5.0,Occasional Buyer,6
851,1.0,One-Time Buyer,6
852,1.0,One-Time Buyer,6
853,3.0,Occasional Buyer,9
854,2.0,Occasional Buyer,9
855,6.0,Frequent Buyer,6
856,2.0,Occasional Buyer,6
857,3.0,Occasional Buyer,8
858,1.0,One-Time Buyer,6
859,3.0,Occasional Buyer,8
860,1.0,One-Time Buyer,7
861,2.0,Occasional Buyer,5
862,0.0,Inactive,9
863,7.0,Frequent Buyer,10
864,0.0,Inactive,6
865,2.0,Occasional Buyer,6
866,4.0,Occasional Buyer,7
867,3.0,Occasional Buyer,8
868,2.0,Occasional Buyer,8
869,1.0,One-Time Buyer,10
870,5.0,Occasional Buyer,7
871,1.0,One-Time Buyer,6
872,2.0,Occasional Buyer,5
873,1.0,One-Time Buyer,6
874,1.0,One-Time Buyer,7
875,3.0,Occasional Buyer,10
876,0.0,Inactive,6
877,3.0,Occasional Buyer,7
878,3.0,Occasional Buyer,7
879,0.0,Inactive,9
880,4.0,Occasional Buyer,10
881,4.0,Occasional Buyer,6
882,4.0,Occasional Buyer,6
883,2.0,Occasional Buyer,9
884,4.0,Occasional Buyer,8
885,6.0,Frequent Buyer,10
886,2.0,Occasional Buyer,8
887,0.0,Inactive,6
888,1.0,One-Time Buyer,8
889,4.0,Occasional Buyer,9
890,1.0,One-Time Buyer,8
891,3.0,Occasional Buyer,8
892,3.0,Occasional Buyer,9
893,3.0,Occasional Buyer,9
894,2.0,Occasional Buyer,9
895,0.0,Inactive,8
896,1.0,One-Time Buyer,7
897,3.0,Occasional Buyer,7
898,5.0,Occasional Buyer,9
899,1.0,One-Time Buyer,6
900,3.0,Occasional Buyer,8
901,3.0,Occasional Buyer,6
902,1.0,One-Time Buyer,7
903,0.0,Inactive,9
904,1.0,One-Time Buyer,7
905,1.0,One-Time Buyer,7
906,4.0,Occasional Buyer,5
907,1.0,One-Time Buyer,8
908,4.0,Occasional Buyer,8
909,4.0,Occasional Buyer,10
910,1.0,One-Time Buyer,7
911,3.0,Occasional Buyer,7
912,1.0,One-Time Buyer,7
913,3.0,Occasional Buyer,9
914,1.0,One-Time Buyer,7
915,1.0,One-Time Buyer,7
916,2.0,Occasional Buyer,8
917,6.0,Frequent Buyer,7
918,7.0,Frequent Buyer,6
919,2.0,Occasional Buyer,7
920,3.0,Occasional Buyer,9
921,0.0,Inactive,5
922,6.0,Frequent Buyer,7
923,1.0,One-Time Buyer,6
924,4.0,Occasional Buyer,9
925,4.0,Occasional Buyer,5
926,2.0,Occasional Buyer,6
927,4.0,Occasional Buyer,8
928,2.0,Occasional Buyer,9
929,3.0,Occasional Buyer,7
930,2.0,Occasional Buyer,6
931,2.0,Occasional Buyer,10
932,2.0,Occasional Buyer,5
933,1.0,One-Time Buyer,4
934,0.0,Inactive,8
935,6.0,Frequent Buyer,6
936,7.0,Frequent Buyer,5
937,4.0,Occasional Buyer,8
938,2.0,Occasional Buyer,7
939,3.0,Occasional Buyer,6
940,5.0,Occasional Buyer,5
941,3.0,Occasional Buyer,8
942,3.0,Occasional Buyer,8
943,3.0,Occasional Buyer,7
944,1.0,One-Time Buyer,10
945,2.0,Occasional Buyer,5
946,3.0,Occasional Buyer,5
947,2.0,Occasional Buyer,6
948,2.0,Occasional Buyer,7
949,4.0,Occasional Buyer,7
950,2.0,Occasional Buyer,7
951,0.0,Inactive,8
952,3.0,Occasional Buyer,5
953,0.0,Inactive,9
954,3.0,Occasional Buyer,7
955,2.0,Occasional Buyer,9
956,0.0,Inactive,8
957,0.0,Inactive,8
958,2.0,Occasional Buyer,8
959,4.0,Occasional Buyer,8
960,2.0,Occasional Buyer,8
961,2.0,Occasional Buyer,9
962,2.0,Occasional Buyer,7
963,4.0,Occasional Buyer,8
964,3.0,Occasional Buyer,7
965,2.0,Occasional Buyer,9
966,4.0,Occasional Buyer,6
967,2.0,Occasional Buyer,10
968,2.0,Occasional Buyer,7
969,2.0,Occasional Buyer,5
970,1.0,One-Time Buyer,7
971,3.0,Occasional Buyer,6
972,4.0,Occasional Buyer,8
973,1.0,One-Time Buyer,6
974,3.0,Occasional Buyer,6
975,2.0,Occasional Buyer,4
976,3.0,Occasional Buyer,6
977,4.0,Occasional Buyer,3
978,1.0,One-Time Buyer,5
979,3.0,Occasional Buyer,8
980,4.0,Occasional Buyer,8
981,0.0,Inactive,8
982,3.0,Occasional Buyer,6
983,4.0,Occasional Buyer,7
984,3.0,Occasional Buyer,7
985,3.0,Occasional Buyer,5
986,3.0,Occasional Buyer,9
987,4.0,Occasional Buyer,8
988,4.0,Occasional Buyer,7
989,4.0,Occasional Buyer,7
990,5.0,Occasional Buyer,7
991,1.0,One-Time Buyer,4
992,3.0,Occasional Buyer,7
993,2.0,Occasional Buyer,6
994,3.0,Occasional Buyer,5
995,2.0,Occasional Buyer,7
996,4.0,Occasional Buyer,10
997,1.0,One-Time Buyer,8
998,2.0,Occasional Buyer,6
999,1.0,One-Time Buyer,8
1000,2.0,Occasional Buyer,9
1001,2.0,Occasional Buyer,8
1002,3.0,Occasional Buyer,7
1003,3.0,Occasional Buyer,6
1004,4.0,Occasional Buyer,8
1005,4.0,Occasional Buyer,8
1006,4.0,Occasional Buyer,8
1007,4.0,Occasional Buyer,8
1008,2.0,Occasional Buyer,9
1009,3.0,Occasional Buyer,6
1010,3.0,Occasional Buyer,9
1011,4.0,Occasional Buyer,7
1012,2.0,Occasional Buyer,10
1013,1.0,One-Time Buyer,6
1014,1.0,One-Time Buyer,10
1015,1.0,One-Time Buyer,7
1016,2.0,Occasional Buyer,6
1017,3.0,Occasional Buyer,6
1018,5.0,Occasional Buyer,7
1019,4.0,Occasional Buyer,8
1020,2.0,Occasional Buyer,8
1021,5.0,Occasional Buyer,6
1022,0.0,Inactive,7
1023,3.0,Occasional Buyer,10
1024,6.0,Frequent Buyer,10
1025,1.0,One-Time Buyer,8
1026,3.0,Occasional Buyer,7
1027,4.0,Occasional Buyer,7
1028,6.0,Frequent Buyer,8
1029,0.0,Inactive,5
1030,5.0,Occasional Buyer,7
1031,5.0,Occasional Buyer,4
1032,1.0,One-Time Buyer,8
1033,2.0,Occasional Buyer,8
1034,3.0,Occasional Buyer,6
1035,3.0,Occasional Buyer,9
1036,4.0,Occasional Buyer,5
1037,1.0,One-Time Buyer,5
1038,2.0,Occasional Buyer,7
1039,2.0,Occasional Buyer,9
1040,2.0,Occasional Buyer,10
1041,1.0,One-Time Buyer,6
1042,3.0,Occasional Buyer,9
1043,3.0,Occasional Buyer,7
1044,2.0,Occasional Buyer,7
1045,0.0,Inactive,8
1046,4.0,Occasional Buyer,8
1047,2.0,Occasional Buyer,5
1048,4.0,Occasional Buyer,9
1049,2.0,Occasional Buyer,9
1050,3.0,Occasional Buyer,6
1051,1.0,One-Time Buyer,8
1052,3.0,Occasional Buyer,8
1053,1.0,One-Time Buyer,7
1054,3.0,Occasional Buyer,6
1055,3.0,Occasional Buyer,6
1056,3.0,Occasional Buyer,7
1057,1.0,One-Time Buyer,9
1058,3.0,Occasional Buyer,8
1059,3.0,Occasional Buyer,6
1060,1.0,One-Time Buyer,8
1061,0.0,Inactive,3
1062,1.0,One-Time Buyer,9
1063,1.0,One-Time Buyer,4
1064,2.0,Occasional Buyer,6
1065,1.0,One-Time Buyer,5
1066,2.0,Occasional Buyer,5
1067,3.0,Occasional Buyer,9
1068,4.0,Occasional Buyer,6
1069,1.0,One-Time Buyer,8
1070,1.0,One-Time Buyer,7
1071,4.0,Occasional Buyer,8
1072,2.0,Occasional Buyer,7
1073,4.0,Occasional Buyer,5
1074,1.0,One-Time Buyer,8
1075,2.0,Occasional Buyer,6
1076,2.0,Occasional Buyer,5
1077,3.0,Occasional Buyer,6
1078,4.0,Occasional Buyer,9
1079,1.0,One-Time Buyer,8
1080,1.0,One-Time Buyer,6
1081,3.0,Occasional Buyer,6
1082,2.0,Occasional Buyer,7
1083,1.0,One-Time Buyer,10
1084,1.0,One-Time Buyer,8
1085,4.0,Occasional Buyer,8
1086,2.0,Occasional Buyer,9
1087,2.0,Occasional Buyer,7
1088,3.0,Occasional Buyer,7
1089,2.0,Occasional Buyer,7
1090,5.0,Occasional Buyer,7
1091,2.0,Occasional Buyer,7
1092,6.0,Frequent Buyer,8
1093,1.0,One-Time Buyer,7
1094,2.0,Occasional Buyer,8
1095,0.0,Inactive,7
1096,1.0,One-Time Buyer,7
1097,3.0,Occasional Buyer,4
1098,2.0,Occasional Buyer,8
1099,0.0,Inactive,8
1100,1.0,One-Time Buyer,8
1101,5.0,Occasional Buyer,3
1102,2.0,Occasional Buyer,10
1103,8.0,Frequent Buyer,7
1104,1.0,One-Time Buyer,9
1105,1.0,One-Time Buyer,5
1106,5.0,Occasional Buyer,8
1107,1.0,One-Time Buyer,5
1108,5.0,Occasional Buyer,6
1109,2.0,Occasional Buyer,10
1110,0.0,Inactive,7
1111,2.0,Occasional Buyer,7
1112,3.0,Occasional Buyer,8
1113,2.0,Occasional Buyer,8
1114,3.0,Occasional Buyer,7
1115,3.0,Occasional Buyer,8
1116,0.0,Inactive,10
1117,3.0,Occasional Buyer,7
1118,2.0,Occasional Buyer,7
1119,2.0,Occasional Buyer,9
1120,2.0,Occasional Buyer,9
1121,1.0,One-Time Buyer,9
1122,4.0,Occasional Buyer,8
1123,2.0,Occasional Buyer,5
1124,2.0,Occasional Buyer,9
1125,0.0,Inactive,5
1126,5.0,Occasional Buyer,7
1127,4.0,Occasional Buyer,6
1128,3.0,Occasional Buyer,7
1129,2.0,Occasional Buyer,7
1130,2.0,Occasional Buyer,7
1131,2.0,Occasional Buyer,8
1132,4.0,Occasional Buyer,9
1133,2.0,Occasional Buyer,8
1134,1.0,One-Time Buyer,7
1135,2.0,Occasional Buyer,8
1136,1.0,One-Time Buyer,9
1137,2.0,Occasional Buyer,5
1138,2.0,Occasional Buyer,8
1139,1.0,One-Time Buyer,8
1140,2.0,Occasional Buyer,7
1141,3.0,Occasional Buyer,9
1142,3.0,Occasional Buyer,7
1143,5.0,Occasional Buyer,7
1144,2.0,Occasional Buyer,7
1145,2.0,Occasional Buyer,7
1146,2.0,Occasional Buyer,5
1147,4.0,Occasional Buyer,5
1148,3.0,Occasional Buyer,9
1149,3.0,Occasional Buyer,6
1150,4.0,Occasional Buyer,6
1151,0.0,Inactive,4
1152,2.0,Occasional Buyer,6
1153,2.0,Occasional Buyer,5
1154,4.0,Occasional Buyer,9
1155,0.0,Inactive,9
1156,2.0,Occasional Buyer,6
1157,2.0,Occasional Buyer,10
1158,4.0,Occasional Buyer,8
1159,2.0,Occasional Buyer,7
1160,2.0,Occasional Buyer,3
1161,2.0,Occasional Buyer,10
1162,3.0,Occasional Buyer,5
1163,4.0,Occasional Buyer,5
1164,1.0,One-Time Buyer,9
1165,3.0,Occasional Buyer,10
1166,3.0,Occasional Buyer,9
1167,0.0,Inactive,8
1168,4.0,Occasional Buyer,8
1169,2.0,Occasional Buyer,8
1170,2.0,Occasional Buyer,8
1171,0.0,Inactive,7
1172,3.0,Occasional Buyer,7
1173,0.0,Inactive,7
1174,3.0,Occasional Buyer,6
1175,1.0,One-Time Buyer,7
1176,3.0,Occasional Buyer,4
1177,2.0,Occasional Buyer,7
1178,0.0,Inactive,6
1179,2.0,Occasional Buyer,5
1180,4.0,Occasional Buyer,7
1181,5.0,Occasional Buyer,9
1182,3.0,Occasional Buyer,8
1183,1.0,One-Time Buyer,5
1184,1.0,One-Time Buyer,6
1185,0.0,Inactive,8
1186,4.0,Occasional Buyer,6
1187,1.0,One-Time Buyer,7
1188,1.0,One-Time Buyer,8
1189,1.0,One-Time Buyer,6
1190,1.0,One-Time Buyer,7
1191,5.0,Occasional Buyer,5
1192,1.0,One-Time Buyer,6
1193,2.0,Occasional Buyer,7
1194,2.0,Occasional Buyer,5
1195,2.0,Occasional Buyer,8
1196,2.0,Occasional Buyer,7
1197,6.0,Frequent Buyer,8
1198,1.0,One-Time Buyer,7
1199,1.0,One-Time Buyer,9
1200,1.0,One-Time Buyer,7
1201,5.0,Occasional Buyer,6
1202,3.0,Occasional Buyer,7
1203,3.0,Occasional Buyer,8
1204,1.0,One-Time Buyer,7
1205,3.0,Occasional Buyer,7
1206,1.0,One-Time Buyer,6
1207,5.0,Occasional Buyer,6
1208,2.0,Occasional Buyer,5
1209,1.0,One-Time Buyer,10
1210,0.0,Inactive,5
1211,1.0,One-Time Buyer,6
1212,4.0,Occasional Buyer,6
1213,9.0,Frequent Buyer,8
1214,1.0,One-Time Buyer,7
1215,2.0,Occasional Buyer,9
1216,2.0,Occasional Buyer,6
1217,1.0,One-Time Buyer,7
1218,4.0,Occasional Buyer,6
1219,2.0,Occasional Buyer,10
1220,2.0,Occasional Buyer,5
1221,1.0,One-Time Buyer,7
1222,5.0,Occasional Buyer,8
1223,2.0,Occasional Buyer,8
1224,2.0,Occasional Buyer,7
1225,4.0,Occasional Buyer,7
1226,1.0,One-Time Buyer,7
1227,2.0,Occasional Buyer,7
1228,0.0,Inactive,8
1229,5.0,Occasional Buyer,10
1230,1.0,One-Time Buyer,6
1231,3.0,Occasional Buyer,5
1232,1.0,One-Time Buyer,7
1233,1.0,One-Time Buyer,10
1234,5.0,Occasional Buyer,6
1235,4.0,Occasional Buyer,9
1236,0.0,Inactive,10
1237,4.0,Occasional Buyer,6
1238,3.0,Occasional Buyer,8
1239,3.0,Occasional Buyer,9
1240,1.0,One-Time Buyer,6
1241,1.0,One-Time Buyer,7
1242,2.0,Occasional Buyer,6
1243,1.0,One-Time Buyer,5
1244,2.0,Occasional Buyer,6
1245,1.0,One-Time Buyer,5
1246,1.0,One-Time Buyer,7
1247,2.0,Occasional Buyer,6
1248,2.0,Occasional Buyer,7
1249,3.0,Occasional Buyer,5
1250,5.0,Occasional Buyer,7
1251,4.0,Occasional Buyer,8
1252,1.0,One-Time Buyer,4
1253,2.0,Occasional Buyer,8
1254,2.0,Occasional Buyer,9
1255,3.0,Occasional Buyer,5
1256,6.0,Frequent Buyer,10
1257,2.0,Occasional Buyer,8
1258,6.0,Frequent Buyer,6
1259,4.0,Occasional Buyer,7
1260,2.0,Occasional Buyer,8
1261,4.0,Occasional Buyer,7
1262,2.0,Occasional Buyer,8
1263,1.0,One-Time Buyer,6
1264,4.0,Occasional Buyer,7
1265,3.0,Occasional Buyer,5
1266,0.0,Inactive,7
1267,1.0,One-Time Buyer,6
1268,3.0,Occasional Buyer,6
1269,3.0,Occasional Buyer,9
1270,2.0,Occasional Buyer,9
1271,2.0,Occasional Buyer,8
1272,4.0,Occasional Buyer,5
1273,3.0,Occasional Buyer,7
1274,1.0,One-Time Buyer,9
1275,4.0,Occasional Buyer,7
1276,3.0,Occasional Buyer,10
1277,1.0,One-Time Buyer,8
1278,2.0,Occasional Buyer,7
1279,3.0,Occasional Buyer,7
1280,3.0,Occasional Buyer,7
1281,4.0,Occasional Buyer,7
1282,3.0,Occasional Buyer,8
1283,2.0,Occasional Buyer,8
1284,1.0,One-Time Buyer,6
1285,0.0,Inactive,5
1286,1.0,One-Time Buyer,4
1287,2.0,Occasional Buyer,8
1288,3.0,Occasional Buyer,5
1289,1.0,One-Time Buyer,4
1290,3.0,Occasional Buyer,8
1291,1.0,One-Time Buyer,10
1292,2.0,Occasional Buyer,7
1293,2.0,Occasional Buyer,8
1294,5.0,Occasional Buyer,7
1295,2.0,Occasional Buyer,7
1296,3.0,Occasional Buyer,8
1297,4.0,Occasional Buyer,7
1298,0.0,Inactive,7
1299,1.0,One-Time Buyer,7
1300,6.0,Frequent Buyer,6
1301,3.0,Occasional Buyer,8
1302,2.0,Occasional Buyer,7
1303,0.0,Inactive,6
1304,3.0,Occasional Buyer,8
1305,5.0,Occasional Buyer,6
1306,1.0,One-Time Buyer,7
1307,2.0,Occasional Buyer,7
1308,2.0,Occasional Buyer,9
1309,2.0,Occasional Buyer,8
1310,1.0,One-Time Buyer,7
1311,4.0,Occasional Buyer,8
1312,2.0,Occasional Buyer,9
1313,1.0,One-Time Buyer,8
1314,0.0,Inactive,7
1315,5.0,Occasional Buyer,5
1316,6.0,Frequent Buyer,5
1317,2.0,Occasional Buyer,7
1318,4.0,Occasional Buyer,6
1319,2.0,Occasional Buyer,7
1320,1.0,One-Time Buyer,7
1321,4.0,Occasional Buyer,8
1322,5.0,Occasional Buyer,7
1323,3.0,Occasional Buyer,8
1324,2.0,Occasional Buyer,7
1325,2.0,Occasional Buyer,4
1326,2.0,Occasional Buyer,6
1327,1.0,One-Time Buyer,7
1328,1.0,One-Time Buyer,5
1329,6.0,Frequent Buyer,8
1330,2.0,Occasional Buyer,9
1331,2.0,Occasional Buyer,9
1332,3.0,Occasional Buyer,7
1333,2.0,Occasional Buyer,9
1334,2.0,Occasional Buyer,7
1335,4.0,Occasional Buyer,6
1336,2.0,Occasional Buyer,6
1337,4.0,Occasional Buyer,7
1338,1.0,One-Time Buyer,6
1339,1.0,One-Time Buyer,7
1340,3.0,Occasional Buyer,7
1341,0.0,Inactive,7
1342,3.0,Occasional Buyer,8
1343,2.0,Occasional Buyer,9
1344,5.0,Occasional Buyer,8
1345,3.0,Occasional Buyer,5
1346,5.0,Occasional Buyer,3
1347,2.0,Occasional Buyer,8
1348,2.0,Occasional Buyer,5
1349,3.0,Occasional Buyer,7
1350,0.0,Inactive,5
1351,2.0,Occasional Buyer,4
1352,2.0,Occasional Buyer,8
1353,3.0,Occasional Buyer,8
1354,2.0,Occasional Buyer,6
1355,5.0,Occasional Buyer,3
1356,1.0,One-Time Buyer,6
1357,4.0,Occasional Buyer,8
1358,1.0,One-Time Buyer,5
1359,2.0,Occasional Buyer,7
1360,1.0,One-Time Buyer,7
1361,1.0,One-Time Buyer,8
1362,2.0,Occasional Buyer,7
1363,1.0,One-Time Buyer,6
1364,1.0,One-Time Buyer,9
1365,2.0,Occasional Buyer,7
1366,3.0,Occasional Buyer,7
1367,1.0,One-Time Buyer,6
1368,0.0,Inactive,6
1369,1.0,One-Time Buyer,6
1370,3.0,Occasional Buyer,7
1371,0.0,Inactive,10
1372,3.0,Occasional Buyer,5
1373,5.0,Occasional Buyer,5
1374,1.0,One-Time Buyer,9
1375,2.0,Occasional Buyer,7
1376,4.0,Occasional Buyer,6
1377,1.0,One-Time Buyer,9
1378,5.0,Occasional Buyer,6
1379,0.0,Inactive,10
1380,2.0,Occasional Buyer,8
1381,5.0,Occasional Buyer,6
1382,4.0,Occasional Buyer,10
1383,0.0,Inactive,6
1384,1.0,One-Time Buyer,8
1385,6.0,Frequent Buyer,7
1386,3.0,Occasional Buyer,9
1387,5.0,Occasional Buyer,9
1388,2.0,Occasional Buyer,7
1389,3.0,Occasional Buyer,6
1390,2.0,Occasional Buyer,8
1391,1.0,One-Time Buyer,6
1392,2.0,Occasional Buyer,10
1393,0.0,Inactive,7
1394,2.0,Occasional Buyer,6
1395,2.0,Occasional Buyer,7
1396,2.0,Occasional Buyer,5
1397,2.0,Occasional Buyer,6
1398,0.0,Inactive,9
1399,2.0,Occasional Buyer,6
1400,3.0,Occasional Buyer,5
1401,1.0,One-Time Buyer,8
1402,4.0,Occasional Buyer,9
1403,4.0,Occasional Buyer,8
1404,1.0,One-Time Buyer,8
1405,0.0,Inactive,6
1406,4.0,Occasional Buyer,5
1407,1.0,One-Time Buyer,9
1408,1.0,One-Time Buyer,7
1409,1.0,One-Time Buyer,7
1410,2.0,Occasional Buyer,9
1411,2.0,Occasional Buyer,8
1412,5.0,Occasional Buyer,8
1413,2.0,Occasional Buyer,10
1414,2.0,Occasional Buyer,6
1415,1.0,One-Time Buyer,8
1416,0.0,Inactive,7
1417,5.0,Occasional Buyer,7
1418,1.0,One-Time Buyer,9
1419,3.0,Occasional Buyer,8
1420,2.0,Occasional Buyer,8
1421,6.0,Frequent Buyer,9
1422,3.0,Occasional Buyer,6
1423,7.0,Frequent Buyer,6
1424,3.0,Occasional Buyer,5
1425,1.0,One-Time Buyer,4
1426,1.0,One-Time Buyer,10
1427,2.0,Occasional Buyer,5
1428,4.0,Occasional Buyer,7
1429,3.0,Occasional Buyer,7
1430,2.0,Occasional Buyer,7
1431,0.0,Inactive,8
1432,5.0,Occasional Buyer,8
1433,3.0,Occasional Buyer,6
1434,3.0,Occasional Buyer,7
1435,0.0,Inactive,7
1436,1.0,One-Time Buyer,7
1437,3.0,Occasional Buyer,9
1438,4.0,Occasional Buyer,8
1439,3.0,Occasional Buyer,8
1440,4.0,Occasional Buyer,8
1441,5.0,Occasional Buyer,9
1442,0.0,Inactive,7
1443,2.0,Occasional Buyer,5
1444,3.0,Occasional Buyer,8
1445,1.0,One-Time Buyer,6
1446,1.0,One-Time Buyer,6
1447,2.0,Occasional Buyer,8
1448,0.0,Inactive,9
1449,2.0,Occasional Buyer,7
1450,6.0,Frequent Buyer,7
1451,3.0,Occasional Buyer,10
1452,2.0,Occasional Buyer,7
1453,3.0,Occasional Buyer,10
1454,3.0,Occasional Buyer,8
1455,6.0,Frequent Buyer,4
1456,1.0,One-Time Buyer,8
1457,5.0,Occasional Buyer,8
1458,2.0,Occasional Buyer,9
1459,1.0,One-Time Buyer,8
1460,1.0,One-Time Buyer,7
1461,1.0,One-Time Buyer,5
1462,3.0,Occasional Buyer,7
1463,1.0,One-Time Buyer,6
1464,1.0,One-Time Buyer,6
1465,2.0,Occasional Buyer,8
1466,3.0,Occasional Buyer,10
1467,1.0,One-Time Buyer,8
1468,2.0,Occasional Buyer,5
1469,2.0,Occasional Buyer,8
1470,0.0,Inactive,9
1471,4.0,Occasional Buyer,6
1472,3.0,Occasional Buyer,7
1473,0.0,Inactive,7
1474,4.0,Occasional Buyer,6
1475,4.0,Occasional Buyer,8
1476,1.0,One-Time Buyer,7
1477,2.0,Occasional Buyer,8
1478,2.0,Occasional Buyer,6
1479,3.0,Occasional Buyer,6
1480,3.0,Occasional Buyer,8
1481,3.0,Occasional Buyer,6
1482,2.0,Occasional Buyer,10
1483,2.0,Occasional Buyer,6
1484,1.0,One-Time Buyer,7
1485,2.0,Occasional Buyer,8
1486,3.0,Occasional Buyer,5
1487,4.0,Occasional Buyer,4
1488,2.0,Occasional Buyer,5
1489,2.0,Occasional Buyer,9
1490,4.0,Occasional Buyer,6
1491,3.0,Occasional Buyer,10
1492,3.0,Occasional Buyer,6
1493,3.0,Occasional Buyer,7
1494,0.0,Inactive,9
1495,2.0,Occasional Buyer,10
1496,4.0,Occasional Buyer,10
1497,4.0,Occasional Buyer,9
1498,5.0,Occasional Buyer,9
1499,2.0,Occasional Buyer,8
1500,1.0,One-Time Buyer,8
1501,2.0,Occasional Buyer,6
1502,7.0,Frequent Buyer,6
1503,2.0,Occasional Buyer,7
1504,4.0,Occasional Buyer,7
1505,2.0,Occasional Buyer,6
1506,4.0,Occasional Buyer,8
1507,2.0,Occasional Buyer,8
1508,6.0,Frequent Buyer,7
1509,3.0,Occasional Buyer,9
1510,2.0,Occasional Buyer,5
1511,3.0,Occasional Buyer,7
1512,4.0,Occasional Buyer,6
1513,5.0,Occasional Buyer,4
1514,2.0,Occasional Buyer,7
1515,4.0,Occasional Buyer,7
1516,2.0,Occasional Buyer,9
1517,1.0,One-Time Buyer,8
1518,1.0,One-Time Buyer,5
1519,1.0,One-Time Buyer,10
1520,2.0,Occasional Buyer,9
1521,2.0,Occasional Buyer,8
1522,6.0,Frequent Buyer,7
1523,1.0,One-Time Buyer,6
1524,1.0,One-Time Buyer,6
1525,5.0,Occasional Buyer,9
1526,0.0,Inactive,10
1527,1.0,One-Time Buyer,9
1528,2.0,Occasional Buyer,6
1529,5.0,Occasional Buyer,5
1530,4.0,Occasional Buyer,7
1531,2.0,Occasional Buyer,4
1532,1.0,One-Time Buyer,7
1533,1.0,One-Time Buyer,7
1534,2.0,Occasional Buyer,6
1535,1.0,One-Time Buyer,5
1536,3.0,Occasional Buyer,8
1537,0.0,Inactive,6
1538,1.0,One-Time Buyer,5
1539,3.0,Occasional Buyer,3
1540,1.0,One-Time Buyer,7
1541,1.0,One-Time Buyer,10
1542,1.0,One-Time Buyer,9
1543,3.0,Occasional Buyer,6
1544,5.0,Occasional Buyer,6
1545,3.0,Occasional Buyer,8
1546,1.0,One-Time Buyer,6
1547,3.0,Occasional Buyer,7
1548,2.0,Occasional Buyer,8
1549,2.0,Occasional Buyer,9
1550,2.0,Occasional Buyer,7
1551,5.0,Occasional Buyer,7
1552,4.0,Occasional Buyer,6
1553,4.0,Occasional Buyer,6
1554,3.0,Occasional Buyer,7
1555,2.0,Occasional Buyer,8
1556,1.0,One-Time Buyer,8
1557,1.0,One-Time Buyer,6
1558,1.0,One-Time Buyer,9
1559,3.0,Occasional Buyer,7
1560,2.0,Occasional Buyer,7
1561,3.0,Occasional Buyer,6
1562,0.0,Inactive,3
1563,0.0,Inactive,8
1564,3.0,Occasional Buyer,8
1565,4.0,Occasional Buyer,7
1566,3.0,Occasional Buyer,7
1567,1.0,One-Time Buyer,8
1568,1.0,One-Time Buyer,5
1569,3.0,Occasional Buyer,6
1570,4.0,Occasional Buyer,8
1571,2.0,Occasional Buyer,5
1572,3.0,Occasional Buyer,7
1573,3.0,Occasional Buyer,5
1574,4.0,Occasional Buyer,8
1575,4.0,Occasional Buyer,7
1576,4.0,Occasional Buyer,5
1577,4.0,Occasional Buyer,9
1578,3.0,Occasional Buyer,6
1579,4.0,Occasional Buyer,6
1580,0.0,Inactive,7
1581,1.0,One-Time Buyer,9
1582,4.0,Occasional Buyer,5
1583,1.0,One-Time Buyer,7
1584,3.0,Occasional Buyer,8
1585,1.0,One-Time Buyer,8
1586,4.0,Occasional Buyer,7
1587,1.0,One-Time Buyer,6
1588,3.0,Occasional Buyer,6
1589,5.0,Occasional Buyer,7
1590,6.0,Frequent Buyer,5
1591,1.0,One-Time Buyer,3
1592,1.0,One-Time Buyer,8
1593,0.0,Inactive,8
1594,2.0,Occasional Buyer,3
1595,3.0,Occasional Buyer,5
1596,3.0,Occasional Buyer,8
1597,5.0,Occasional Buyer,10
1598,1.0,One-Time Buyer,7
1599,5.0,Occasional Buyer,6
1600,0.0,Inactive,7
1601,3.0,Occasional Buyer,9
1602,3.0,Occasional Buyer,6
1603,1.0,One-Time Buyer,6
1604,0.0,Inactive,6
1605,1.0,One-Time Buyer,6
1606,2.0,Occasional Buyer,7
1607,0.0,Inactive,9
1608,3.0,Occasional Buyer,7
1609,1.0,One-Time Buyer,7
1610,6.0,Frequent Buyer,7
1611,4.0,Occasional Buyer,5
1612,3.0,Occasional Buyer,8
1613,2.0,Occasional Buyer,7
1614,0.0,Inactive,7
1615,4.0,Occasional Buyer,10
1616,1.0,One-Time Buyer,7
1617,3.0,Occasional Buyer,6
1618,2.0,Occasional Buyer,6
1619,1.0,One-Time Buyer,9
1620,3.0,Occasional Buyer,7
1621,0.0,Inactive,5
1622,4.0,Occasional Buyer,8
1623,3.0,Occasional Buyer,6
1624,2.0,Occasional Buyer,10
1625,1.0,One-Time Buyer,9
1626,4.0,Occasional Buyer,6
1627,1.0,One-Time Buyer,9
1628,5.0,Occasional Buyer,7
1629,4.0,Occasional Buyer,8
1630,3.0,Occasional Buyer,8
1631,5.0,Occasional Buyer,6
1632,2.0,Occasional Buyer,6
1633,5.0,Occasional Buyer,9
1634,3.0,Occasional Buyer,6
1635,2.0,Occasional Buyer,6
1636,6.0,Frequent Buyer,6
1637,7.0,Frequent Buyer,8
1638,2.0,Occasional Buyer,10
1639,1.0,One-Time Buyer,5
1640,1.0,One-Time Buyer,7
1641,1.0,One-Time Buyer,9
1642,2.0,Occasional Buyer,7
1643,1.0,One-Time Buyer,8
1644,2.0,Occasional Buyer,5
1645,2.0,Occasional Buyer,8
1646,6.0,Frequent Buyer,7
1647,0.0,Inactive,8
1648,1.0,One-Time Buyer,9
1649,4.0,Occasional Buyer,10
1650,3.0,Occasional Buyer,8
1651,4.0,Occasional Buyer,7
1652,3.0,Occasional Buyer,7
1653,2.0,Occasional Buyer,6
1654,3.0,Occasional Buyer,8
1655,2.0,Occasional Buyer,7
1656,3.0,Occasional Buyer,7
1657,2.0,Occasional Buyer,9
1658,2.0,Occasional Buyer,5
1659,1.0,One-Time Buyer,9
1660,1.0,One-Time Buyer,9
1661,3.0,Occasional Buyer,7
1662,1.0,One-Time Buyer,4
1663,2.0,Occasional Buyer,6
1664,4.0,Occasional Buyer,9
1665,3.0,Occasional Buyer,7
1666,0.0,Inactive,6
1667,1.0,One-Time Buyer,6
1668,3.0,Occasional Buyer,8
1669,1.0,One-Time Buyer,8
1670,8.0,Frequent Buyer,7
1671,3.0,Occasional Buyer,6
1672,0.0,Inactive,6
1673,0.0,Inactive,6
1674,3.0,Occasional Buyer,9
1675,3.0,Occasional Buyer,7
1676,1.0,One-Time Buyer,9
1677,2.0,Occasional Buyer,9
1678,3.0,Occasional Buyer,8
1679,3.0,Occasional Buyer,6
1680,1.0,One-Time Buyer,8
1681,2.0,Occasional Buyer,7
1682,0.0,Inactive,6
1683,0.0,Inactive,7
1684,2.0,Occasional Buyer,5
1685,4.0,Occasional Buyer,9
1686,5.0,Occasional Buyer,6
1687,4.0,Occasional Buyer,7
1688,2.0,Occasional Buyer,7
1689,6.0,Frequent Buyer,7
1690,5.0,Occasional Buyer,8
1691,2.0,Occasional Buyer,6
1692,4.0,Occasional Buyer,8
1693,2.0,Occasional Buyer,5
1694,2.0,Occasional Buyer,7
1695,2.0,Occasional Buyer,10
1696,3.0,Occasional Buyer,5
1697,0.0,Inactive,6
1698,2.0,Occasional Buyer,8
1699,1.0,One-Time Buyer,7
1700,1.0,One-Time Buyer,8
1701,2.0,Occasional Buyer,8
1702,5.0,Occasional Buyer,8
1703,2.0,Occasional Buyer,9
1704,2.0,Occasional Buyer,8
1705,4.0,Occasional Buyer,7
1706,2.0,Occasional Buyer,8
1707,2.0,Occasional Buyer,10
1708,6.0,Frequent Buyer,7
1709,6.0,Frequent Buyer,6
1710,3.0,Occasional Buyer,9
1711,3.0,Occasional Buyer,7
1712,5.0,Occasional Buyer,4
1713,0.0,Inactive,8
1714,1.0,One-Time Buyer,6
1715,0.0,Inactive,7
1716,3.0,Occasional Buyer,7
1717,2.0,Occasional Buyer,7
1718,2.0,Occasional Buyer,8
1719,2.0,Occasional Buyer,6
1720,1.0,One-Time Buyer,8
1721,1.0,One-Time Buyer,7
1722,1.0,One-Time Buyer,8
1723,3.0,Occasional Buyer,8
1724,5.0,Occasional Buyer,6
1725,6.0,Frequent Buyer,9
1726,3.0,Occasional Buyer,6
1727,2.0,Occasional Buyer,8
1728,1.0,One-Time Buyer,8
1729,4.0,Occasional Buyer,10
1730,1.0,One-Time Buyer,7
1731,0.0,Inactive,6
1732,0.0,Inactive,7
1733,1.0,One-Time Buyer,7
1734,3.0,Occasional Buyer,8
1735,0.0,Inactive,5
1736,0.0,Inactive,5
1737,3.0,Occasional Buyer,5
1738,2.0,Occasional Buyer,8
1739,0.0,Inactive,10
1740,0.0,Inactive,7
1741,0.0,Inactive,7
1742,4.0,Occasional Buyer,7
1743,4.0,Occasional Buyer,9
1744,3.0,Occasional Buyer,6
1745,0.0,Inactive,7
1746,2.0,Occasional Buyer,8
1747,4.0,Occasional Buyer,8
1748,3.0,Occasional Buyer,7
1749,4.0,Occasional Buyer,9
1750,4.0,Occasional Buyer,3
1751,5.0,Occasional Buyer,8
1752,1.0,One-Time Buyer,6
1753,1.0,One-Time Buyer,4
1754,3.0,Occasional Buyer,8
1755,2.0,Occasional Buyer,9
1756,4.0,Occasional Buyer,7
1757,3.0,Occasional Buyer,8
1758,3.0,Occasional Buyer,9
1759,5.0,Occasional Buyer,9
1760,4.0,Occasional Buyer,9
1761,2.0,Occasional Buyer,8
1762,4.0,Occasional Buyer,7
1763,1.0,One-Time Buyer,5
1764,4.0,Occasional Buyer,7
1765,7.0,Frequent Buyer,6
1766,5.0,Occasional Buyer,10
1767,2.0,Occasional Buyer,7
1768,1.0,One-Time Buyer,7
1769,2.0,Occasional Buyer,8
1770,2.0,Occasional Buyer,7
1771,3.0,Occasional Buyer,10
1772,1.0,One-Time Buyer,6
1773,4.0,Occasional Buyer,7
1774,1.0,One-Time Buyer,6
1775,2.0,Occasional Buyer,5
1776,2.0,Occasional Buyer,6
1777,2.0,Occasional Buyer,7
1778,3.0,Occasional Buyer,6
1779,4.0,Occasional Buyer,6
1780,6.0,Frequent Buyer,5
1781,3.0,Occasional Buyer,7
1782,3.0,Occasional Buyer,5
1783,6.0,Frequent Buyer,8
1784,4.0,Occasional Buyer,7
1785,0.0,Inactive,5
1786,1.0,One-Time Buyer,7
1787,1.0,One-Time Buyer,6
1788,6.0,Frequent Buyer,7
1789,4.0,Occasional Buyer,9
1790,0.0,Inactive,4
1791,5.0,Occasional Buyer,7
1792,1.0,One-Time Buyer,7
1793,1.0,One-Time Buyer,8
1794,0.0,Inactive,7
1795,2.0,Occasional Buyer,6
1796,2.0,Occasional Buyer,7
1797,5.0,Occasional Buyer,6
1798,1.0,One-Time Buyer,9
1799,6.0,Frequent Buyer,7
1800,4.0,Occasional Buyer,10
1801,5.0,Occasional Buyer,7
1802,1.0,One-Time Buyer,6
1803,2.0,Occasional Buyer,5
1804,2.0,Occasional Buyer,4
1805,4.0,Occasional Buyer,5
1806,3.0,Occasional Buyer,7
1807,4.0,Occasional Buyer,8
1808,5.0,Occasional Buyer,5
1809,2.0,Occasional Buyer,8
1810,4.0,Occasional Buyer,6
1811,2.0,Occasional Buyer,7
1812,2.0,Occasional Buyer,9
1813,1.0,One-Time Buyer,8
1814,2.0,Occasional Buyer,7
1815,3.0,Occasional Buyer,6
1816,1.0,One-Time Buyer,4
1817,3.0,Occasional Buyer,6
1818,4.0,Occasional Buyer,7
1819,3.0,Occasional Buyer,6
1820,1.0,One-Time Buyer,7
1821,2.0,Occasional Buyer,7
1822,1.0,One-Time Buyer,7
1823,1.0,One-Time Buyer,6
1824,1.0,One-Time Buyer,7
1825,3.0,Occasional Buyer,8
1826,1.0,One-Time Buyer,5
1827,3.0,Occasional Buyer,9
1828,5.0,Occasional Buyer,7
1829,2.0,Occasional Buyer,7
1830,1.0,One-Time Buyer,8
1831,0.0,Inactive,7
1832,2.0,Occasional Buyer,8
1833,1.0,One-Time Buyer,7
1834,3.0,Occasional Buyer,6
1835,2.0,Occasional Buyer,8
1836,1.0,One-Time Buyer,5
1837,1.0,One-Time Buyer,7
1838,1.0,One-Time Buyer,7
1839,3.0,Occasional Buyer,7
1840,2.0,Occasional Buyer,7
1841,2.0,Occasional Buyer,4
1842,1.0,One-Time Buyer,6
1843,6.0,Frequent Buyer,7
1844,3.0,Occasional Buyer,7
1845,3.0,Occasional Buyer,5
1846,4.0,Occasional Buyer,9
1847,3.0,Occasional Buyer,6
1848,4.0,Occasional Buyer,8
1849,0.0,Inactive,8
1850,4.0,Occasional Buyer,6
1851,3.0,Occasional Buyer,10
1852,1.0,One-Time Buyer,5
1853,1.0,One-Time Buyer,8
1854,0.0,Inactive,9
1855,2.0,Occasional Buyer,6
1856,2.0,Occasional Buyer,9
1857,2.0,Occasional Buyer,7
1858,4.0,Occasional Buyer,7
1859,4.0,Occasional Buyer,7
1860,4.0,Occasional Buyer,7
1861,1.0,One-Time Buyer,8
1862,3.0,Occasional Buyer,8
1863,5.0,Occasional Buyer,4
1864,3.0,Occasional Buyer,9
1865,2.0,Occasional Buyer,5
1866,1.0,One-Time Buyer,9
1867,6.0,Frequent Buyer,9
1868,2.0,Occasional Buyer,5
1869,2.0,Occasional Buyer,6
1870,0.0,Inactive,5
1871,5.0,Occasional Buyer,7
1872,3.0,Occasional Buyer,7
1873,2.0,Occasional Buyer,8
1874,2.0,Occasional Buyer,9
1875,3.0,Occasional Buyer,9
1876,1.0,One-Time Buyer,6
1877,1.0,One-Time Buyer,7
1878,2.0,Occasional Buyer,4
1879,5.0,Occasional Buyer,6
1880,3.0,Occasional Buyer,8
1881,1.0,One-Time Buyer,9
1882,2.0,Occasional Buyer,5
1883,4.0,Occasional Buyer,6
1884,4.0,Occasional Buyer,7
1885,3.0,Occasional Buyer,7
1886,1.0,One-Time Buyer,6
1887,3.0,Occasional Buyer,8
1888,4.0,Occasional Buyer,6
1889,3.0,Occasional Buyer,7
1890,0.0,Inactive,8
1891,3.0,Occasional Buyer,7
1892,5.0,Occasional Buyer,6
1893,1.0,One-Time Buyer,7
1894,1.0,One-Time Buyer,7
1895,3.0,Occasional Buyer,6
1896,0.0,Inactive,7
1897,7.0,Frequent Buyer,9
1898,3.0,Occasional Buyer,8
1899,2.0,Occasional Buyer,7
1900,1.0,One-Time Buyer,8
1901,2.0,Occasional Buyer,6
1902,1.0,One-Time Buyer,9
1903,2.0,Occasional Buyer,8
1904,1.0,One-Time Buyer,7
1905,2.0,Occasional Buyer,8
1906,0.0,Inactive,5
1907,3.0,Occasional Buyer,5
1908,1.0,One-Time Buyer,5
1909,3.0,Occasional Buyer,7
1910,1.0,One-Time Buyer,10
1911,1.0,One-Time Buyer,10
1912,2.0,Occasional Buyer,8
1913,5.0,Occasional Buyer,8
1914,0.0,Inactive,4
1915,1.0,One-Time Buyer,6
1916,1.0,One-Time Buyer,6
1917,5.0,Occasional Buyer,6
1918,2.0,Occasional Buyer,7
1919,1.0,One-Time Buyer,6
1920,2.0,Occasional Buyer,4
1921,2.0,Occasional Buyer,8
1922,3.0,Occasional Buyer,5
1923,4.0,Occasional Buyer,7
1924,5.0,Occasional Buyer,10
1925,3.0,Occasional Buyer,6
1926,4.0,Occasional Buyer,3
1927,6.0,Frequent Buyer,7
1928,2.0,Occasional Buyer,9
1929,3.0,Occasional Buyer,10
1930,1.0,One-Time Buyer,5
1931,3.0,Occasional Buyer,8
1932,3.0,Occasional Buyer,6
1933,2.0,Occasional Buyer,7
1934,2.0,Occasional Buyer,10
1935,2.0,Occasional Buyer,5
1936,3.0,Occasional Buyer,7
1937,3.0,Occasional Buyer,8
1938,2.0,Occasional Buyer,9
1939,2.0,Occasional Buyer,7
1940,3.0,Occasional Buyer,7
1941,6.0,Frequent Buyer,6
1942,1.0,One-Time Buyer,7
1943,2.0,Occasional Buyer,6
1944,3.0,Occasional Buyer,8
1945,1.0,One-Time Buyer,6
1946,4.0,Occasional Buyer,8
1947,4.0,Occasional Buyer,7
1948,2.0,Occasional Buyer,9
1949,2.0,Occasional Buyer,7
1950,1.0,One-Time Buyer,4
1951,1.0,One-Time Buyer,9
1952,5.0,Occasional Buyer,6
1953,5.0,Occasional Buyer,6
1954,4.0,Occasional Buyer,6
1955,2.0,Occasional Buyer,9
1956,2.0,Occasional Buyer,4
1957,4.0,Occasional Buyer,10
1958,0.0,Inactive,9
1959,3.0,Occasional Buyer,7
1960,3.0,Occasional Buyer,7
1961,2.0,Occasional Buyer,7
1962,1.0,One-Time Buyer,8
1963,5.0,Occasional Buyer,8
1964,6.0,Frequent Buyer,8
1965,4.0,Occasional Buyer,7
1966,2.0,Occasional Buyer,7
1967,3.0,Occasional Buyer,7
1968,5.0,Occasional Buyer,7
1969,0.0,Inactive,9
1970,0.0,Inactive,8
1971,4.0,Occasional Buyer,3
1972,3.0,Occasional Buyer,8
1973,2.0,Occasional Buyer,7
1974,2.0,Occasional Buyer,7
1975,5.0,Occasional Buyer,6
1976,4.0,Occasional Buyer,9
1977,3.0,Occasional Buyer,8
1978,1.0,One-Time Buyer,6
1979,0.0,Inactive,8
1980,1.0,One-Time Buyer,6
1981,2.0,Occasional Buyer,5
1982,4.0,Occasional Buyer,6
1983,2.0,Occasional Buyer,8
1984,3.0,Occasional Buyer,8
1985,4.0,Occasional Buyer,8
1986,2.0,Occasional Buyer,8
1987,3.0,Occasional Buyer,8
1988,1.0,One-Time Buyer,6
1989,6.0,Frequent Buyer,8
1990,3.0,Occasional Buyer,8
1991,8.0,Frequent Buyer,8
1992,3.0,Occasional Buyer,9
1993,8.0,Frequent Buyer,8
1994,3.0,Occasional Buyer,8
1995,1.0,One-Time Buyer,9
1996,5.0,Occasional Buyer,7
1997,2.0,Occasional Buyer,6
1998,2.0,Occasional Buyer,7
1999,1.0,One-Time Buyer,6
